<?xml version="1.0" encoding="UTF-8" standalone="yes"?>
<addon id="repository.ATOMREPO" name="Atom repo" version="1.0" provider-name="WKD">
	<extension point="xbmc.addon.repository" name="Atom repo">
		<info compressed="false">https://github.com/mattg32/repo/blob/master/Plugins/addons.xml</info>
		<checksum>https://github.com/mattg32/repo/blob/master/Plugins/addons.xml.md5</checksum>
		<datadir zip="true">https://github.com/mattg32/repo/tree/master/Plugins</datadir>
	</extension>
	<extension point="xbmc.addon.metadata">
		<summary>ATOM 2.0.</summary>
		<description>thankyou for choosing ATOM</description>
		<platform>all</platform>
	</extension>
</addon>

